﻿<?xml version="1.0" encoding="utf-8"?>
<Project ToolsVersion="12.0" xmlns="http://schemas.microsoft.com/developer/msbuild/2003">
  <PropertyGroup>
    <IncludeCompositeObjects>True</IncludeCompositeObjects>
    <TargetDatabaseName>F14I4DABH0Gr2</TargetDatabaseName>
    <DeployScriptFileName>HandIn1.sql</DeployScriptFileName>
    <TargetConnectionString>Data Source=webhotel10.iha.dk;Persist Security Info=True;User ID=F14I4DABH0Gr2;Pooling=False</TargetConnectionString>
    <ProfileVersionNumber>1</ProfileVersionNumber>
  </PropertyGroup>
</Project>